teacher_600;abc
teacher_601;abc
teacher_602;abc
teacher_603;abc
teacher_604;abc
teacher_605;abc
teacher_606;abc
teacher_607;abc
teacher_608;abc
teacher_609;abc
teacher_610;abc
teacher_611;abc
teacher_612;abc
teacher_613;abc
teacher_614;abc
teacher_615;abc
teacher_616;abc
teacher_617;abc
teacher_618;abc
teacher_619;abc
teacher_620;abc
teacher_621;abc
teacher_622;abc
teacher_623;abc
teacher_624;abc
teacher_625;abc
teacher_626;abc
teacher_627;abc
teacher_628;abc
teacher_629;abc
teacher_630;abc
teacher_631;abc
teacher_632;abc
teacher_633;abc
teacher_634;abc
teacher_635;abc
teacher_636;abc
teacher_637;abc
teacher_638;abc
teacher_639;abc
teacher_640;abc
teacher_641;abc
teacher_642;abc
teacher_643;abc
teacher_644;abc
teacher_645;abc
teacher_646;abc
teacher_647;abc
teacher_648;abc
teacher_649;abc
teacher_650;abc
teacher_651;abc
teacher_652;abc
teacher_653;abc
teacher_654;abc
teacher_655;abc
teacher_656;abc
teacher_657;abc
teacher_658;abc
teacher_659;abc
teacher_660;abc
teacher_661;abc
teacher_662;abc
teacher_663;abc
teacher_664;abc
teacher_665;abc
teacher_666;abc
teacher_667;abc
teacher_668;abc
teacher_669;abc
teacher_670;abc
teacher_671;abc
teacher_672;abc
teacher_673;abc
teacher_674;abc
teacher_675;abc
teacher_676;abc
teacher_677;abc
teacher_678;abc
teacher_679;abc
teacher_680;abc
teacher_681;abc
teacher_682;abc
teacher_683;abc
teacher_684;abc
teacher_685;abc
teacher_686;abc
teacher_687;abc
teacher_688;abc
teacher_689;abc
teacher_690;abc
teacher_691;abc
teacher_692;abc
teacher_693;abc
teacher_694;abc
teacher_695;abc
teacher_696;abc
teacher_697;abc
teacher_698;abc
teacher_699;abc
